0.0000,-1,-1
0.0417,-1,-1
0.0834,-1,-1
0.1251,-1,-1
0.1668,-1,-1
0.2085,-1,-1
0.2503,-1,-1
0.2920,-1,-1
0.3337,-1,-1
0.3754,-1,-1
0.4171,-1,-1
0.4588,-1,-1
0.5005,-1,-1
0.5422,-1,-1
0.5839,-1,-1
0.6256,-1,-1
0.6673,-1,-1
0.7090,-1,-1
0.7507,-1,-1
0.7925,-1,-1
0.8342,-1,-1
0.8759,-1,-1
0.9176,-1,-1
0.9593,-1,-1
1.0010,-1,-1
1.0427,-1,-1
1.0844,-1,-1
1.1261,-1,-1
1.1678,-1,-1
1.2095,-1,-1
1.2513,-1,-1
1.2930,-1,-1
1.3347,-1,-1
1.3764,-1,-1
1.4181,-1,-1
1.4598,-1,-1
1.5015,-1,-1
1.5432,-1,-1
1.5849,-1,-1
1.6266,-1,-1
1.6683,-1,-1
1.7100,-1,-1
1.7518,-1,-1
1.7935,-1,-1
1.8352,-1,-1
1.8769,-1,-1
1.9186,-1,-1
1.9603,-1,-1
2.0020,-1,-1
2.0437,-1,-1
2.0854,-1,-1
2.1271,-1,-1
2.1688,-1,-1
2.2105,-1,-1
2.2522,-1,-1
2.2940,-1,-1
2.3357,-1,-1
2.3774,-1,-1
2.4191,-1,-1
2.4608,-1,-1
2.5025,-1,-1
2.5442,-1,-1
2.5859,-1,-1
2.6276,-1,-1
2.6693,-1,-1
2.7110,-1,-1
2.7528,-1,-1
2.7945,-1,-1
2.8362,-1,-1
2.8779,-1,-1
2.9196,-1,-1
2.9613,-1,-1
3.0030,-1,-1
3.0447,-1,-1
3.0864,-1,-1
3.1281,-1,-1
3.1698,-1,-1
3.2115,-1,-1
3.2533,-1,-1
3.2950,-1,-1
3.3367,-1,-1
3.3784,-1,-1
3.4201,-1,-1
3.4618,-1,-1
3.5035,-1,-1
3.5452,-1,-1
3.5869,-1,-1
3.6286,-1,-1
3.6703,-1,-1
3.7120,-1,-1
3.7537,-1,-1
3.7955,-1,-1
3.8372,-1,-1
3.8789,-1,-1
3.9206,-1,-1
3.9623,-1,-1
4.0040,-1,-1
4.0457,-1,-1
4.0874,-1,-1
4.1291,-1,-1
4.1708,-1,-1
4.2125,-1,-1
4.2543,-1,-1
4.2960,-1,-1
4.3377,-1,-1
4.3794,-1,-1
4.4211,-1,-1
4.4628,-1,-1
4.5045,-1,-1
4.5462,-1,-1
4.5879,-1,-1
4.6296,-1,-1
4.6713,-1,-1
4.7130,-1,-1
4.7548,-1,-1
4.7965,-1,-1
4.8382,-1,-1
4.8799,-1,-1
4.9216,-1,-1
4.9633,-1,-1
5.0050,-1,-1
5.0467,-1,-1
5.0884,-1,-1
5.1301,-1,-1
5.1718,-1,-1
5.2135,-1,-1
5.2552,-1,-1
5.2970,-1,-1
5.3387,-1,-1
5.3804,-1,-1
5.4221,-1,-1
5.4638,-1,-1
5.5055,-1,-1
5.5472,-1,-1
5.5889,-1,-1
5.6306,-1,-1
5.6723,-1,-1
5.7140,-1,-1
5.7558,-1,-1
5.7975,-1,-1
5.8392,-1,-1
5.8809,-1,-1
5.9226,-1,-1
5.9643,-1,-1
6.0060,-1,-1
6.0477,-1,-1
6.0894,-1,-1
6.1311,-1,-1
6.1728,-1,-1
6.2145,-1,-1
6.2563,-1,-1
6.2980,-1,-1
6.3397,-1,-1
6.3814,-1,-1
6.4231,-1,-1
6.4648,-1,-1
6.5065,-1,-1
6.5482,-1,-1
6.5899,-1,-1
6.6316,-1,-1
6.6733,-1,-1
6.7150,-1,-1
6.7567,-1,-1
6.7985,-1,-1
6.8402,-1,-1
6.8819,-1,-1
6.9236,-1,-1
6.9653,-1,-1
7.0070,-1,-1
7.0487,-1,-1
7.0904,-1,-1
7.1321,-1,-1
7.1738,-1,-1
7.2155,-1,-1
7.2572,-1,-1
7.2990,-1,-1
7.3407,-1,-1
7.3824,-1,-1
7.4241,-1,-1
7.4658,-1,-1
7.5075,-1,-1
7.5492,-1,-1
7.5909,-1,-1
7.6326,-1,-1
7.6743,-1,-1
7.7160,-1,-1
7.7578,-1,-1
7.7995,-1,-1
7.8412,-1,-1
7.8829,-1,-1
7.9246,-1,-1
7.9663,-1,-1
8.0080,-1,-1
8.0497,-1,-1
8.0914,-1,-1
8.1331,-1,-1
8.1748,-1,-1
8.2165,-1,-1
8.2582,-1,-1
8.3000,-1,-1
8.3417,-1,-1
8.3834,-1,-1
8.4251,-1,-1
8.4668,-1,-1
8.5085,-1,-1
8.5502,-1,-1
8.5919,-1,-1
8.6336,-1,-1
8.6753,-1,-1
8.7170,-1,-1
8.7588,-1,-1
8.8005,-1,-1
8.8422,-1,-1
8.8839,-1,-1
8.9256,-1,-1
8.9673,-1,-1
9.0090,-1,-1
9.0507,-1,-1
9.0924,-1,-1
9.1341,-1,-1
9.1758,-1,-1
9.2175,-1,-1
9.2593,-1,-1
9.3010,-1,-1
9.3427,-1,-1
9.3844,-1,-1
9.4261,-1,-1
9.4678,-1,-1
9.5095,-1,-1
9.5512,-1,-1
9.5929,-1,-1
9.6346,-1,-1
9.6763,-1,-1
9.7180,-1,-1
9.7597,-1,-1
9.8015,-1,-1
9.8432,-1,-1
9.8849,-1,-1
9.9266,-1,-1
9.9683,-1,-1
10.0100,-1,-1
10.0517,-1,-1
10.0934,-1,-1
10.1351,-1,-1
10.1768,-1,-1
10.2185,-1,-1
10.2603,-1,-1
10.3020,-1,-1
10.3437,-1,-1
10.3854,-1,-1
10.4271,-1,-1
10.4688,-1,-1
10.5105,-1,-1
10.5522,-1,-1
10.5939,-1,-1
10.6356,-1,-1
10.6773,-1,-1
10.7190,-1,-1
10.7608,-1,-1
10.8025,-1,-1
10.8442,-1,-1
10.8859,-1,-1
10.9276,-1,-1
10.9693,-1,-1
11.0110,-1,-1
11.0527,-1,-1
11.0944,-1,-1
11.1361,-1,-1
11.1778,-1,-1
11.2195,-1,-1
11.2612,-1,-1
11.3030,-1,-1
11.3447,-1,-1
11.3864,-1,-1
11.4281,-1,-1
11.4698,-1,-1
11.5115,-1,-1
11.5532,-1,-1
11.5949,-1,-1
11.6366,-1,-1
11.6783,-1,-1
11.7200,-1,-1
11.7618,-1,-1
11.8035,-1,-1
11.8452,-1,-1
11.8869,-1,-1
11.9286,-1,-1
11.9703,-1,-1
12.0120,-1,-1
12.0537,-1,-1
12.0954,-1,-1
12.1371,-1,-1
12.1788,-1,-1
12.2205,-1,-1
12.2623,-1,-1
12.3040,-1,-1
12.3457,-1,-1
12.3874,-1,-1
12.4291,-1,-1
12.4708,-1,-1
12.5125,-1,-1
12.5542,-1,-1
12.5959,-1,-1
12.6376,-1,-1
12.6793,-1,-1
12.7210,-1,-1
12.7627,-1,-1
12.8045,-1,-1
12.8462,-1,-1
12.8879,-1,-1
12.9296,-1,-1
12.9713,-1,-1
13.0130,-1,-1
13.0547,-1,-1
13.0964,-1,-1
13.1381,-1,-1
13.1798,-1,-1
13.2215,-1,-1
13.2633,-1,-1
13.3050,-1,-1
13.3467,-1,-1
13.3884,-1,-1
13.4301,-1,-1
13.4718,-1,-1
13.5135,-1,-1
13.5552,-1,-1
13.5969,-1,-1
13.6386,-1,-1
13.6803,-1,-1
13.7220,-1,-1
13.7637,-1,-1
13.8055,-1,-1
13.8472,-1,-1
13.8889,-1,-1
13.9306,-1,-1
13.9723,-1,-1
14.0140,-1,-1
14.0557,-1,-1
14.0974,-1,-1
14.1391,-1,-1
14.1808,-1,-1
14.2225,-1,-1
14.2642,-1,-1
14.3060,-1,-1
14.3477,-1,-1
14.3894,-1,-1
14.4311,-1,-1
14.4728,-1,-1
14.5145,-1,-1
14.5562,-1,-1
14.5979,-1,-1
14.6396,-1,-1
14.6813,-1,-1
14.7230,-1,-1
14.7648,-1,-1
14.8065,-1,-1
14.8482,-1,-1
14.8899,-1,-1
14.9316,-1,-1
14.9733,-1,-1
15.0150,-1,-1
15.0567,-1,-1
15.0984,-1,-1
15.1401,-1,-1
15.1818,-1,-1
15.2235,-1,-1
15.2652,-1,-1
15.3070,-1,-1
15.3487,-1,-1
15.3904,-1,-1
15.4321,-1,-1
15.4738,-1,-1
15.5155,-1,-1
15.5572,-1,-1
15.5989,-1,-1
15.6406,-1,-1
15.6823,-1,-1
15.7240,-1,-1
15.7657,-1,-1
15.8075,-1,-1
15.8492,-1,-1
15.8909,-1,-1
15.9326,-1,-1
15.9743,-1,-1
16.0160,-1,-1
16.0577,-1,-1
16.0994,-1,-1
16.1411,-1,-1
16.1828,-1,-1
16.2245,-1,-1
16.2663,-1,-1
16.3080,-1,-1
16.3497,-1,-1
16.3914,-1,-1
16.4331,-1,-1
16.4748,-1,-1
16.5165,-1,-1
16.5582,-1,-1
16.5999,-1,-1
16.6416,-1,-1
16.6833,-1,-1
16.7250,-1,-1
16.7668,-1,-1
16.8085,-1,-1
16.8502,-1,-1
16.8919,-1,-1
16.9336,-1,-1
16.9753,-1,-1
17.0170,-1,-1
17.0587,-1,-1
17.1004,-1,-1
17.1421,-1,-1
17.1838,-1,-1
17.2255,-1,-1
17.2672,-1,-1
17.3090,-1,-1
17.3507,-1,-1
17.3924,-1,-1
17.4341,-1,-1
17.4758,-1,-1
17.5175,-1,-1
17.5592,-1,-1
17.6009,-1,-1
17.6426,-1,-1
17.6843,-1,-1
17.7260,-1,-1
17.7678,-1,-1
17.8095,-1,-1
17.8512,-1,-1
17.8929,-1,-1
17.9346,-1,-1
17.9763,-1,-1
18.0180,-1,-1
18.0597,-1,-1
18.1014,-1,-1
18.1431,-1,-1
18.1848,-1,-1
18.2265,-1,-1
18.2683,-1,-1
18.3100,-1,-1
18.3517,-1,-1
18.3934,-1,-1
18.4351,-1,-1
18.4768,-1,-1
18.5185,-1,-1
18.5602,-1,-1
18.6019,-1,-1
18.6436,-1,-1
18.6853,-1,-1
18.7270,-1,-1
18.7687,-1,-1
18.8105,-1,-1
18.8522,-1,-1
18.8939,-1,-1
18.9356,-1,-1
18.9773,-1,-1
19.0190,-1,-1
19.0607,-1,-1
19.1024,-1,-1
19.1441,-1,-1
19.1858,-1,-1
19.2275,-1,-1
19.2693,-1,-1
19.3110,-1,-1
19.3527,-1,-1
19.3944,-1,-1
19.4361,-1,-1
19.4778,-1,-1
19.5195,-1,-1
19.5612,-1,-1
19.6029,-1,-1
19.6446,-1,-1
19.6863,-1,-1
19.7280,-1,-1
19.7698,-1,-1
19.8115,-1,-1
19.8532,-1,-1
19.8949,-1,-1
19.9366,-1,-1
19.9783,-1,-1
20.0200,-1,-1
20.0617,-1,-1
20.1034,-1,-1
20.1451,-1,-1
20.1868,-1,-1
20.2285,-1,-1
20.2702,-1,-1
20.3120,-1,-1
20.3537,-1,-1
20.3954,-1,-1
20.4371,-1,-1
20.4788,-1,-1
20.5205,-1,-1
20.5622,-1,-1
20.6039,-1,-1
20.6456,-1,-1
20.6873,-1,-1
20.7290,-1,-1
20.7708,-1,-1
20.8125,-1,-1
20.8542,-1,-1
20.8959,-1,-1
20.9376,-1,-1
20.9793,-1,-1
21.0210,-1,-1
21.0627,-1,-1
21.1044,-1,-1
21.1461,-1,-1
21.1878,-1,-1
21.2295,-1,-1
21.2713,-1,-1
21.3130,-1,-1
21.3547,-1,-1
21.3964,-1,-1
21.4381,-1,-1
21.4798,-1,-1
21.5215,-1,-1
21.5632,-1,-1
21.6049,-1,-1
21.6466,-1,-1
21.6883,-1,-1
21.7300,-1,-1
21.7717,-1,-1
21.8135,-1,-1
21.8552,-1,-1
21.8969,-1,-1
21.9386,-1,-1
21.9803,-1,-1
22.0220,-1,-1
22.0637,-1,-1
22.1054,-1,-1
22.1471,-1,-1
22.1888,-1,-1
22.2305,-1,-1
22.2723,-1,-1
22.3140,-1,-1
22.3557,-1,-1
22.3974,-1,-1
22.4391,-1,-1
22.4808,-1,-1
22.5225,-1,-1
22.5642,-1,-1
22.6059,-1,-1
22.6476,-1,-1
22.6893,-1,-1
22.7310,-1,-1
22.7728,-1,-1
22.8145,-1,-1
22.8562,-1,-1
22.8979,-1,-1
22.9396,-1,-1
22.9813,-1,-1
23.0230,-1,-1
23.0647,-1,-1
23.1064,-1,-1
23.1481,-1,-1
23.1898,-1,-1
23.2315,-1,-1
23.2732,-1,-1
23.3150,-1,-1
23.3567,-1,-1
23.3984,-1,-1
23.4401,-1,-1
23.4818,-1,-1
23.5235,-1,-1
23.5652,-1,-1
23.6069,-1,-1
23.6486,-1,-1
23.6903,-1,-1
23.7320,-1,-1
23.7738,-1,-1
23.8155,-1,-1
23.8572,-1,-1
23.8989,-1,-1
23.9406,-1,-1
23.9823,-1,-1
24.0240,-1,-1
24.0657,-1,-1
24.1074,-1,-1
24.1491,-1,-1
24.1908,-1,-1
24.2325,-1,-1
24.2743,-1,-1
24.3160,-1,-1
24.3577,-1,-1
24.3994,-1,-1
24.4411,-1,-1
24.4828,-1,-1
24.5245,-1,-1
24.5662,-1,-1
24.6079,-1,-1
24.6496,-1,-1
24.6913,-1,-1
24.7330,-1,-1
24.7747,-1,-1
24.8165,-1,-1
24.8582,-1,-1
24.8999,-1,-1
24.9416,-1,-1
24.9833,-1,-1
25.0250,-1,-1
25.0667,-1,-1
25.1084,-1,-1
25.1501,-1,-1
25.1918,-1,-1
25.2335,-1,-1
25.2753,-1,-1
25.3170,-1,-1
25.3587,-1,-1
25.4004,-1,-1
25.4421,-1,-1
25.4838,-1,-1
25.5255,-1,-1
25.5672,-1,-1
25.6089,-1,-1
25.6506,-1,-1
25.6923,-1,-1
25.7340,-1,-1
25.7758,-1,-1
25.8175,-1,-1
25.8592,-1,-1
25.9009,-1,-1
25.9426,-1,-1
25.9843,-1,-1
26.0260,-1,-1
26.0677,-1,-1
26.1094,-1,-1
26.1511,-1,-1
26.1928,-1,-1
26.2345,-1,-1
26.2762,-1,-1
26.3180,-1,-1
26.3597,-1,-1
26.4014,-1,-1
26.4431,-1,-1
26.4848,-1,-1
26.5265,-1,-1
26.5682,-1,-1
26.6099,-1,-1
26.6516,-1,-1
26.6933,-1,-1
26.7350,-1,-1
26.7768,-1,-1
26.8185,-1,-1
26.8602,-1,-1
26.9019,-1,-1
26.9436,-1,-1
26.9853,-1,-1
27.0270,-1,-1
27.0687,-1,-1
27.1104,-1,-1
27.1521,-1,-1
27.1938,-1,-1
27.2355,-1,-1
27.2773,-1,-1
27.3190,-1,-1
27.3607,-1,-1
27.4024,-1,-1
27.4441,-1,-1
27.4858,-1,-1
27.5275,-1,-1
27.5692,-1,-1
27.6109,-1,-1
27.6526,-1,-1
27.6943,-1,-1
27.7360,-1,-1
27.7777,-1,-1
27.8195,-1,-1
27.8612,-1,-1
27.9029,-1,-1
27.9446,-1,-1
27.9863,-1,-1
28.0280,-1,-1
28.0697,-1,-1
28.1114,-1,-1
28.1531,-1,-1
28.1948,-1,-1
28.2365,-1,-1
28.2782,-1,-1
28.3200,-1,-1
28.3617,-1,-1
28.4034,-1,-1
28.4451,-1,-1
28.4868,-1,-1
28.5285,-1,-1
28.5702,-1,-1
28.6119,-1,-1
28.6536,-1,-1
28.6953,-1,-1
28.7370,-1,-1
28.7788,-1,-1
28.8205,-1,-1
28.8622,-1,-1
28.9039,-1,-1
28.9456,-1,-1
28.9873,-1,-1
29.0290,-1,-1
29.0707,-1,-1
29.1124,-1,-1
29.1541,-1,-1
29.1958,-1,-1
29.2375,-1,-1
29.2792,-1,-1
29.3210,-1,-1
29.3627,-1,-1
29.4044,-1,-1
29.4461,-1,-1
29.4878,-1,-1
29.5295,-1,-1
29.5712,-1,-1
29.6129,-1,-1
29.6546,-1,-1
29.6963,-1,-1
29.7380,-1,-1
29.7797,-1,-1
29.8215,-1,-1
29.8632,-1,-1
29.9049,-1,-1
29.9466,-1,-1
29.9883,-1,-1
30.0300,-1,-1
30.0717,-1,-1
30.1134,-1,-1
30.1551,-1,-1
30.1968,-1,-1
30.2385,-1,-1
30.2803,-1,-1
30.3220,-1,-1
30.3637,-1,-1
30.4054,-1,-1
30.4471,-1,-1
30.4888,-1,-1
30.5305,-1,-1
30.5722,-1,-1
30.6139,-1,-1
30.6556,-1,-1
30.6973,-1,-1
30.7390,-1,-1
30.7807,-1,-1
30.8225,-1,-1
30.8642,-1,-1
30.9059,-1,-1
30.9476,-1,-1
30.9893,-1,-1
31.0310,-1,-1
31.0727,-1,-1
31.1144,-1,-1
31.1561,-1,-1
31.1978,-1,-1
31.2395,-1,-1
31.2812,-1,-1
31.3230,-1,-1
31.3647,-1,-1
31.4064,-1,-1
31.4481,-1,-1
31.4898,-1,-1
31.5315,-1,-1
31.5732,-1,-1
31.6149,-1,-1
31.6566,-1,-1
31.6983,-1,-1
31.7400,-1,-1
31.7818,-1,-1
31.8235,-1,-1
31.8652,-1,-1
31.9069,-1,-1
31.9486,-1,-1
31.9903,-1,-1
32.0320,-1,-1
32.0737,-1,-1
32.1154,-1,-1
32.1571,-1,-1
32.1988,-1,-1
32.2405,-1,-1
32.2823,-1,-1
32.3240,-1,-1
32.3657,-1,-1
32.4074,-1,-1
32.4491,-1,-1
32.4908,-1,-1
32.5325,-1,-1
32.5742,-1,-1
32.6159,-1,-1
32.6576,-1,-1
32.6993,-1,-1
32.7410,-1,-1
32.7828,-1,-1
32.8245,-1,-1
32.8662,-1,-1
32.9079,-1,-1
32.9496,-1,-1
32.9913,-1,-1
33.0330,-1,-1
33.0747,-1,-1
33.1164,-1,-1
33.1581,-1,-1
33.1998,-1,-1
33.2415,-1,-1
33.2832,-1,-1
33.3250,-1,-1
33.3667,-1,-1
33.4084,-1,-1
33.4501,-1,-1
33.4918,-1,-1
33.5335,-1,-1
33.5752,-1,-1
33.6169,-1,-1
33.6586,-1,-1
33.7003,-1,-1
33.7420,-1,-1
33.7838,-1,-1
33.8255,-1,-1
33.8672,-1,-1
33.9089,-1,-1
33.9506,-1,-1
33.9923,-1,-1
34.0340,-1,-1
34.0757,-1,-1
34.1174,-1,-1
34.1591,-1,-1
34.2008,-1,-1
34.2425,-1,-1
34.2843,-1,-1
34.3260,-1,-1
34.3677,-1,-1
34.4094,-1,-1
34.4511,-1,-1
34.4928,-1,-1
34.5345,-1,-1
34.5762,-1,-1
34.6179,-1,-1
34.6596,-1,-1
34.7013,-1,-1
34.7430,-1,-1
34.7847,-1,-1
34.8265,-1,-1
34.8682,-1,-1
34.9099,-1,-1
34.9516,-1,-1
34.9933,-1,-1
35.0350,-1,-1
35.0767,-1,-1
35.1184,-1,-1
35.1601,-1,-1
35.2018,-1,-1
35.2435,-1,-1
35.2853,-1,-1
35.3270,-1,-1
35.3687,-1,-1
35.4104,-1,-1
35.4521,-1,-1
35.4938,-1,-1
35.5355,-1,-1
35.5772,-1,-1
35.6189,-1,-1
35.6606,-1,-1
35.7023,-1,-1
35.7440,-1,-1
35.7858,-1,-1
35.8275,-1,-1
35.8692,-1,-1
35.9109,-1,-1
35.9526,-1,-1
35.9943,-1,-1
36.0360,-1,-1
36.0777,-1,-1
36.1194,-1,-1
36.1611,-1,-1
36.2028,-1,-1
36.2445,-1,-1
36.2862,-1,-1
36.3280,-1,-1
36.3697,-1,-1
36.4114,-1,-1
36.4531,-1,-1
36.4948,-1,-1
36.5365,-1,-1
36.5782,-1,-1
36.6199,-1,-1
36.6616,-1,-1
36.7033,-1,-1
36.7450,-1,-1
36.7868,-1,-1
36.8285,-1,-1
36.8702,-1,-1
36.9119,-1,-1
36.9536,-1,-1
36.9953,-1,-1
37.0370,-1,-1
37.0787,-1,-1
37.1204,-1,-1
37.1621,-1,-1
37.2038,-1,-1
37.2455,-1,-1
37.2873,-1,-1
37.3290,-1,-1
37.3707,-1,-1
37.4124,-1,-1
37.4541,-1,-1
37.4958,-1,-1
37.5375,-1,-1
37.5792,-1,-1
37.6209,-1,-1
37.6626,-1,-1
37.7043,-1,-1
37.7460,-1,-1
37.7877,-1,-1
37.8295,-1,-1
37.8712,-1,-1
37.9129,-1,-1
37.9546,-1,-1
37.9963,-1,-1
38.0380,-1,-1
38.0797,-1,-1
38.1214,-1,-1
38.1631,-1,-1
38.2048,-1,-1
38.2465,-1,-1
38.2883,-1,-1
38.3300,-1,-1
38.3717,-1,-1
38.4134,-1,-1
38.4551,-1,-1
38.4968,-1,-1
38.5385,-1,-1
38.5802,-1,-1
38.6219,-1,-1
38.6636,-1,-1
38.7053,-1,-1
38.7470,-1,-1
38.7888,-1,-1
38.8305,-1,-1
38.8722,-1,-1
38.9139,-1,-1
38.9556,-1,-1
38.9973,-1,-1
39.0390,-1,-1
39.0807,-1,-1
39.1224,-1,-1
39.1641,-1,-1
39.2058,-1,-1
39.2475,-1,-1
39.2892,-1,-1
39.3310,-1,-1
39.3727,-1,-1
39.4144,-1,-1
39.4561,-1,-1
39.4978,-1,-1
39.5395,-1,-1
39.5812,-1,-1
39.6229,-1,-1
39.6646,-1,-1
39.7063,-1,-1
39.7480,-1,-1
39.7898,-1,-1
39.8315,-1,-1
39.8732,-1,-1
39.9149,-1,-1
39.9566,-1,-1
39.9983,-1,-1
40.0400,-1,-1
40.0817,-1,-1
40.1234,-1,-1
40.1651,-1,-1
40.2068,-1,-1
40.2485,-1,-1
40.2903,-1,-1
40.3320,-1,-1
40.3737,-1,-1
40.4154,-1,-1
40.4571,-1,-1
40.4988,-1,-1
40.5405,-1,-1
40.5822,-1,-1
40.6239,-1,-1
40.6656,-1,-1
40.7073,-1,-1
40.7490,-1,-1
40.7907,-1,-1
40.8325,-1,-1
40.8742,-1,-1
40.9159,-1,-1
40.9576,-1,-1
40.9993,-1,-1
41.0410,-1,-1
41.0827,-1,-1
41.1244,-1,-1
41.1661,-1,-1
41.2078,-1,-1
41.2495,-1,-1
41.2913,-1,-1
41.3330,-1,-1
41.3747,-1,-1
41.4164,-1,-1
41.4581,-1,-1
41.4998,-1,-1
41.5415,-1,-1
41.5832,-1,-1
41.6249,-1,-1
41.6666,-1,-1
41.7083,-1,-1
41.7500,-1,-1
41.7918,-1,-1
41.8335,-1,-1
41.8752,-1,-1
41.9169,-1,-1
41.9586,-1,-1
42.0003,-1,-1
42.0420,-1,-1
42.0837,-1,-1
42.1254,-1,-1
42.1671,-1,-1
42.2088,-1,-1
42.2505,-1,-1
42.2922,-1,-1
42.3340,-1,-1
42.3757,-1,-1
42.4174,-1,-1
42.4591,-1,-1
42.5008,-1,-1
42.5425,-1,-1
42.5842,-1,-1
42.6259,-1,-1
42.6676,-1,-1
42.7093,-1,-1
42.7510,-1,-1
42.7928,-1,-1
42.8345,-1,-1
42.8762,-1,-1
42.9179,-1,-1
42.9596,-1,-1
43.0013,-1,-1
43.0430,-1,-1
43.0847,-1,-1
43.1264,-1,-1
43.1681,-1,-1
43.2098,-1,-1
43.2515,-1,-1
43.2933,-1,-1
43.3350,-1,-1
43.3767,-1,-1
43.4184,-1,-1
43.4601,-1,-1
43.5018,-1,-1
43.5435,-1,-1
43.5852,-1,-1
43.6269,-1,-1
43.6686,-1,-1
43.7103,-1,-1
43.7520,-1,-1
43.7937,-1,-1
43.8355,-1,-1
43.8772,-1,-1
43.9189,-1,-1
43.9606,-1,-1
44.0023,-1,-1
44.0440,-1,-1
44.0857,-1,-1
44.1274,-1,-1
44.1691,-1,-1
44.2108,-1,-1
44.2525,-1,-1
44.2943,-1,-1
44.3360,-1,-1
44.3777,-1,-1
44.4194,-1,-1
44.4611,-1,-1
44.5028,-1,-1
44.5445,-1,-1
44.5862,-1,-1
44.6279,-1,-1
44.6696,-1,-1
44.7113,-1,-1
44.7530,-1,-1
44.7947,-1,-1
44.8365,-1,-1
44.8782,-1,-1
44.9199,-1,-1
44.9616,-1,-1
45.0033,-1,-1
45.0450,-1,-1
45.0867,-1,-1
45.1284,-1,-1
45.1701,-1,-1
45.2118,-1,-1
45.2535,-1,-1
45.2952,-1,-1
45.3370,-1,-1
45.3787,-1,-1
45.4204,-1,-1
45.4621,-1,-1
45.5038,-1,-1
45.5455,-1,-1
45.5872,-1,-1
45.6289,-1,-1
45.6706,-1,-1
45.7123,-1,-1
45.7540,-1,-1
45.7958,-1,-1
45.8375,-1,-1
45.8792,-1,-1
45.9209,-1,-1
45.9626,-1,-1
46.0043,-1,-1
46.0460,-1,-1
46.0877,-1,-1
46.1294,-1,-1
46.1711,-1,-1
46.2128,-1,-1
46.2545,-1,-1
46.2962,-1,-1
46.3380,-1,-1
46.3797,-1,-1
46.4214,-1,-1
46.4631,-1,-1
46.5048,-1,-1
46.5465,-1,-1
46.5882,-1,-1
46.6299,-1,-1
46.6716,-1,-1
46.7133,-1,-1
46.7550,-1,-1
46.7967,-1,-1
46.8385,-1,-1
46.8802,-1,-1
46.9219,-1,-1
46.9636,-1,-1
47.0053,-1,-1
47.0470,-1,-1
47.0887,-1,-1
47.1304,-1,-1
47.1721,-1,-1
47.2138,-1,-1
47.2555,-1,-1
47.2973,-1,-1
47.3390,-1,-1
47.3807,-1,-1
47.4224,-1,-1
47.4641,-1,-1
47.5058,-1,-1
47.5475,-1,-1
47.5892,-1,-1
47.6309,-1,-1
47.6726,-1,-1
47.7143,-1,-1
47.7560,-1,-1
47.7977,-1,-1
47.8395,-1,-1
47.8812,-1,-1
47.9229,-1,-1
47.9646,-1,-1
48.0063,-1,-1
48.0480,-1,-1
48.0897,-1,-1
48.1314,-1,-1
48.1731,-1,-1
48.2148,-1,-1
48.2565,-1,-1
48.2982,-1,-1
48.3400,-1,-1
48.3817,-1,-1
48.4234,-1,-1
48.4651,-1,-1
48.5068,-1,-1
48.5485,-1,-1
48.5902,-1,-1
48.6319,-1,-1
48.6736,-1,-1
48.7153,-1,-1
48.7570,-1,-1
48.7988,-1,-1
48.8405,-1,-1
48.8822,-1,-1
48.9239,-1,-1
48.9656,-1,-1
49.0073,-1,-1
49.0490,-1,-1
49.0907,-1,-1
49.1324,-1,-1
49.1741,-1,-1
49.2158,-1,-1
49.2575,-1,-1
49.2992,-1,-1
49.3410,-1,-1
49.3827,-1,-1
49.4244,-1,-1
49.4661,-1,-1
49.5078,-1,-1
49.5495,-1,-1
49.5912,-1,-1
49.6329,-1,-1
49.6746,-1,-1
49.7163,-1,-1
49.7580,-1,-1
49.7997,-1,-1
49.8415,-1,-1
49.8832,-1,-1
49.9249,-1,-1
49.9666,-1,-1
50.0083,-1,-1
50.0500,-1,-1
50.0917,-1,-1
50.1334,-1,-1
50.1751,-1,-1
50.2168,-1,-1
50.2585,-1,-1
50.3003,-1,-1
50.3420,-1,-1
50.3837,-1,-1
50.4254,-1,-1
50.4671,-1,-1
50.5088,-1,-1
50.5505,-1,-1
50.5922,-1,-1
50.6339,-1,-1
50.6756,-1,-1
50.7173,-1,-1
50.7590,-1,-1
50.8007,-1,-1
50.8425,-1,-1
50.8842,-1,-1
50.9259,-1,-1
50.9676,-1,-1
51.0093,-1,-1
51.0510,-1,-1
51.0927,-1,-1
51.1344,-1,-1
51.1761,-1,-1
51.2178,-1,-1
51.2595,-1,-1
51.3012,-1,-1
51.3430,-1,-1
51.3847,-1,-1
51.4264,-1,-1
51.4681,-1,-1
51.5098,-1,-1
51.5515,-1,-1
51.5932,-1,-1
51.6349,-1,-1
51.6766,-1,-1
51.7183,-1,-1
51.7600,-1,-1
51.8018,-1,-1
51.8435,-1,-1
51.8852,-1,-1
51.9269,-1,-1
51.9686,-1,-1
52.0103,-1,-1
52.0520,-1,-1
52.0937,-1,-1
52.1354,-1,-1
52.1771,-1,-1
52.2188,-1,-1
52.2605,-1,-1
52.3022,-1,-1
52.3440,-1,-1
52.3857,-1,-1
52.4274,-1,-1
52.4691,-1,-1
52.5108,-1,-1
52.5525,-1,-1
52.5942,-1,-1
52.6359,-1,-1
52.6776,-1,-1
52.7193,-1,-1
52.7610,-1,-1
52.8027,-1,-1
52.8445,-1,-1
52.8862,-1,-1
52.9279,-1,-1
52.9696,-1,-1
53.0113,-1,-1
53.0530,-1,-1
53.0947,-1,-1
53.1364,-1,-1
53.1781,-1,-1
53.2198,-1,-1
53.2615,-1,-1
53.3033,-1,-1
53.3450,-1,-1
53.3867,-1,-1
53.4284,-1,-1
53.4701,-1,-1
53.5118,-1,-1
53.5535,-1,-1
53.5952,-1,-1
53.6369,-1,-1
53.6786,-1,-1
53.7203,-1,-1
53.7620,-1,-1
53.8037,-1,-1
53.8455,-1,-1
53.8872,-1,-1
53.9289,-1,-1
53.9706,-1,-1
54.0123,-1,-1
54.0540,-1,-1
54.0957,-1,-1
54.1374,-1,-1
54.1791,-1,-1
54.2208,-1,-1
54.2625,-1,-1
54.3042,-1,-1
54.3460,-1,-1
54.3877,-1,-1
54.4294,-1,-1
54.4711,-1,-1
54.5128,-1,-1
54.5545,-1,-1
54.5962,-1,-1
54.6379,-1,-1
54.6796,-1,-1
54.7213,-1,-1
54.7630,-1,-1
54.8048,-1,-1
54.8465,-1,-1
54.8882,-1,-1
54.9299,-1,-1
54.9716,-1,-1
55.0133,-1,-1
55.0550,-1,-1
55.0967,-1,-1
55.1384,-1,-1
55.1801,-1,-1
55.2218,-1,-1
55.2635,-1,-1
55.3052,-1,-1
55.3470,-1,-1
55.3887,-1,-1
55.4304,-1,-1
55.4721,-1,-1
55.5138,-1,-1
55.5555,-1,-1
55.5972,-1,-1
55.6389,-1,-1
55.6806,-1,-1
55.7223,-1,-1
55.7640,-1,-1
55.8057,-1,-1
55.8475,-1,-1
55.8892,-1,-1
55.9309,-1,-1
55.9726,-1,-1
56.0143,-1,-1
56.0560,-1,-1
56.0977,-1,-1
56.1394,-1,-1
56.1811,-1,-1
56.2228,-1,-1
56.2645,-1,-1
56.3063,-1,-1
56.3480,-1,-1
56.3897,-1,-1
56.4314,-1,-1
56.4731,-1,-1
56.5148,-1,-1
56.5565,-1,-1
56.5982,-1,-1
56.6399,-1,-1
56.6816,-1,-1
56.7233,-1,-1
56.7650,-1,-1
56.8067,-1,-1
56.8485,-1,-1
56.8902,-1,-1
56.9319,-1,-1
56.9736,-1,-1
57.0153,-1,-1
57.0570,-1,-1
57.0987,-1,-1
57.1404,-1,-1
57.1821,-1,-1
57.2238,-1,-1
57.2655,-1,-1
57.3072,-1,-1
57.3490,-1,-1
57.3907,-1,-1
57.4324,-1,-1
57.4741,-1,-1
57.5158,-1,-1
57.5575,-1,-1
57.5992,-1,-1
57.6409,-1,-1
57.6826,-1,-1
57.7243,-1,-1
57.7660,-1,-1
57.8078,-1,-1
57.8495,-1,-1
57.8912,-1,-1
57.9329,-1,-1
57.9746,-1,-1
58.0163,-1,-1
58.0580,-1,-1
58.0997,-1,-1
58.1414,-1,-1
58.1831,-1,-1
58.2248,-1,-1
58.2665,-1,-1
58.3082,-1,-1
58.3500,-1,-1
58.3917,-1,-1
58.4334,-1,-1
58.4751,-1,-1
58.5168,-1,-1
58.5585,-1,-1
58.6002,-1,-1
58.6419,-1,-1
58.6836,-1,-1
58.7253,-1,-1
58.7670,-1,-1
58.8087,-1,-1
58.8505,-1,-1
58.8922,-1,-1
58.9339,-1,-1
58.9756,-1,-1
59.0173,-1,-1
59.0590,-1,-1
59.1007,-1,-1
59.1424,-1,-1
59.1841,-1,-1
59.2258,-1,-1
59.2675,-1,-1
59.3093,-1,-1
59.3510,-1,-1
59.3927,-1,-1
59.4344,-1,-1
59.4761,-1,-1
59.5178,-1,-1
59.5595,-1,-1
59.6012,-1,-1
59.6429,-1,-1
59.6846,-1,-1
59.7263,-1,-1
59.7680,-1,-1
59.8097,-1,-1
59.8515,-1,-1
59.8932,-1,-1
59.9349,-1,-1
59.9766,-1,-1
60.0183,-1,-1
60.0600,-1,-1
60.1017,-1,-1
60.1434,-1,-1
60.1851,-1,-1
60.2268,-1,-1
60.2685,-1,-1
60.3102,-1,-1
60.3520,-1,-1
60.3937,-1,-1
60.4354,-1,-1
60.4771,-1,-1
60.5188,-1,-1
60.5605,-1,-1
60.6022,-1,-1
60.6439,-1,-1
60.6856,-1,-1
60.7273,-1,-1
60.7690,-1,-1
60.8108,-1,-1
60.8525,-1,-1
60.8942,-1,-1
60.9359,-1,-1
60.9776,-1,-1
61.0193,-1,-1
61.0610,-1,-1
61.1027,-1,-1
61.1444,-1,-1
61.1861,-1,-1
61.2278,-1,-1
61.2695,-1,-1
61.3112,-1,-1
61.3530,-1,-1
61.3947,-1,-1
61.4364,-1,-1
61.4781,-1,-1
61.5198,-1,-1
61.5615,-1,-1
61.6032,-1,-1
61.6449,-1,-1
61.6866,-1,-1
61.7283,-1,-1
61.7700,-1,-1
61.8117,-1,-1
61.8535,-1,-1
61.8952,-1,-1
61.9369,-1,-1
61.9786,-1,-1
62.0203,-1,-1
62.0620,-1,-1
62.1037,-1,-1
62.1454,-1,-1
62.1871,-1,-1
62.2288,-1,-1
62.2705,-1,-1
62.3123,-1,-1
62.3540,-1,-1
62.3957,-1,-1
62.4374,-1,-1
62.4791,-1,-1
62.5208,-1,-1
62.5625,-1,-1
62.6042,-1,-1
62.6459,-1,-1
62.6876,-1,-1
62.7293,-1,-1
62.7710,-1,-1
62.8127,-1,-1
62.8545,-1,-1
62.8962,-1,-1
62.9379,-1,-1
62.9796,-1,-1
63.0213,-1,-1
63.0630,-1,-1
63.1047,-1,-1
63.1464,-1,-1
63.1881,-1,-1
63.2298,-1,-1
63.2715,-1,-1
63.3133,-1,-1
63.3550,-1,-1
63.3967,-1,-1
63.4384,-1,-1
63.4801,-1,-1
63.5218,-1,-1
63.5635,-1,-1
63.6052,-1,-1
63.6469,-1,-1
63.6886,-1,-1
63.7303,-1,-1
63.7720,-1,-1
63.8138,-1,-1
63.8555,-1,-1
63.8972,-1,-1
63.9389,-1,-1
63.9806,-1,-1
64.0223,-1,-1
64.0640,-1,-1
64.1057,-1,-1
64.1474,-1,-1
64.1891,-1,-1
64.2308,-1,-1
64.2725,-1,-1
64.3143,-1,-1
64.3560,-1,-1
64.3977,-1,-1
64.4394,-1,-1
64.4811,-1,-1
64.5228,-1,-1
64.5645,-1,-1
64.6062,-1,-1
64.6479,-1,-1
64.6896,-1,-1
64.7313,-1,-1
64.7730,-1,-1
64.8147,-1,-1
64.8565,-1,-1
64.8982,-1,-1
64.9399,-1,-1
64.9816,-1,-1
65.0233,-1,-1
65.0650,-1,-1
65.1067,-1,-1
65.1484,-1,-1
65.1901,-1,-1
65.2318,-1,-1
65.2735,-1,-1
65.3152,-1,-1
65.3570,-1,-1
65.3987,-1,-1
65.4404,-1,-1
65.4821,-1,-1
65.5238,-1,-1
65.5655,-1,-1
65.6072,-1,-1
65.6489,-1,-1
65.6906,-1,-1
65.7323,-1,-1
65.7740,-1,-1
65.8158,-1,-1
65.8575,-1,-1
65.8992,-1,-1
65.9409,-1,-1
65.9826,-1,-1
66.0243,-1,-1
66.0660,-1,-1
66.1077,-1,-1
66.1494,-1,-1
66.1911,-1,-1
66.2328,-1,-1
66.2745,-1,-1
66.3163,-1,-1
66.3580,-1,-1
66.3997,-1,-1
66.4414,-1,-1
66.4831,-1,-1
66.5248,-1,-1
66.5665,-1,-1
66.6082,-1,-1
66.6499,-1,-1
66.6916,-1,-1
66.7333,-1,-1
66.7750,-1,-1
66.8168,-1,-1
66.8585,-1,-1
66.9002,-1,-1
66.9419,-1,-1
66.9836,-1,-1
67.0253,-1,-1
67.0670,-1,-1
67.1087,-1,-1
67.1504,-1,-1
67.1921,-1,-1
67.2338,-1,-1
67.2755,-1,-1
67.3173,-1,-1
67.3590,-1,-1
67.4007,-1,-1
67.4424,-1,-1
67.4841,-1,-1
67.5258,-1,-1
67.5675,-1,-1
67.6092,-1,-1
67.6509,-1,-1
67.6926,-1,-1
67.7343,-1,-1
67.7760,-1,-1
67.8177,-1,-1
67.8595,-1,-1
67.9012,-1,-1
67.9429,-1,-1
67.9846,-1,-1
68.0263,-1,-1
68.0680,-1,-1
68.1097,-1,-1
68.1514,-1,-1
68.1931,-1,-1
68.2348,-1,-1
68.2765,-1,-1
68.3182,-1,-1
68.3600,-1,-1
68.4017,-1,-1
68.4434,-1,-1
68.4851,-1,-1
68.5268,-1,-1
68.5685,-1,-1
68.6102,-1,-1
68.6519,-1,-1
68.6936,-1,-1
68.7353,-1,-1
68.7770,-1,-1
68.8188,-1,-1
68.8605,-1,-1
68.9022,-1,-1
68.9439,-1,-1
68.9856,-1,-1
69.0273,-1,-1
69.0690,-1,-1
69.1107,-1,-1
69.1524,-1,-1
69.1941,-1,-1
69.2358,-1,-1
69.2775,-1,-1
69.3193,-1,-1
69.3610,-1,-1
69.4027,-1,-1
69.4444,-1,-1
69.4861,-1,-1
69.5278,-1,-1
69.5695,-1,-1
69.6112,-1,-1
69.6529,-1,-1
69.6946,-1,-1
69.7363,-1,-1
69.7780,-1,-1
69.8198,-1,-1
69.8615,-1,-1
69.9032,-1,-1
69.9449,-1,-1
69.9866,-1,-1
70.0283,-1,-1
70.0700,-1,-1
70.1117,-1,-1
70.1534,-1,-1
70.1951,-1,-1
70.2368,-1,-1
70.2785,-1,-1
70.3203,-1,-1
70.3620,-1,-1
70.4037,-1,-1
70.4454,-1,-1
70.4871,-1,-1
70.5288,-1,-1
70.5705,-1,-1
70.6122,-1,-1
70.6539,-1,-1
70.6956,-1,-1
70.7373,-1,-1
70.7790,-1,-1
70.8207,-1,-1
70.8625,-1,-1
70.9042,-1,-1
70.9459,-1,-1
70.9876,-1,-1
71.0293,-1,-1
71.0710,-1,-1
71.1127,-1,-1
71.1544,-1,-1
71.1961,-1,-1
71.2378,-1,-1
71.2795,-1,-1
71.3212,-1,-1
71.3630,-1,-1
71.4047,-1,-1
71.4464,-1,-1
71.4881,-1,-1
71.5298,-1,-1
71.5715,-1,-1
71.6132,-1,-1
71.6549,-1,-1
71.6966,-1,-1
71.7383,-1,-1
71.7800,-1,-1
71.8218,-1,-1
71.8635,-1,-1
71.9052,-1,-1
71.9469,-1,-1
71.9886,-1,-1
72.0303,-1,-1
72.0720,-1,-1
72.1137,-1,-1
72.1554,-1,-1
72.1971,-1,-1
72.2388,-1,-1
72.2805,-1,-1
72.3223,-1,-1
72.3640,-1,-1
72.4057,-1,-1
72.4474,-1,-1
72.4891,-1,-1
72.5308,-1,-1
72.5725,-1,-1
72.6142,-1,-1
72.6559,-1,-1
72.6976,-1,-1
72.7393,-1,-1
72.7810,-1,-1
72.8228,-1,-1
72.8645,-1,-1
72.9062,-1,-1
72.9479,-1,-1
72.9896,-1,-1
73.0313,-1,-1
73.0730,-1,-1
73.1147,-1,-1
73.1564,-1,-1
73.1981,-1,-1
73.2398,-1,-1
73.2815,-1,-1
73.3233,-1,-1
73.3650,-1,-1
73.4067,-1,-1
73.4484,-1,-1
73.4901,-1,-1
73.5318,-1,-1
73.5735,-1,-1
73.6152,-1,-1
73.6569,-1,-1
73.6986,-1,-1
73.7403,-1,-1
73.7820,-1,-1
73.8237,-1,-1
73.8655,-1,-1
73.9072,-1,-1
73.9489,-1,-1
73.9906,-1,-1
74.0323,-1,-1
74.0740,-1,-1
74.1157,-1,-1
74.1574,-1,-1
74.1991,-1,-1
74.2408,-1,-1
74.2825,-1,-1
74.3242,-1,-1
74.3660,-1,-1
74.4077,-1,-1
74.4494,-1,-1
74.4911,-1,-1
74.5328,-1,-1
74.5745,-1,-1
74.6162,-1,-1
74.6579,-1,-1
74.6996,-1,-1
74.7413,-1,-1
74.7830,-1,-1
74.8248,-1,-1
74.8665,-1,-1
74.9082,-1,-1
74.9499,-1,-1
74.9916,-1,-1
75.0333,-1,-1
75.0750,-1,-1
75.1167,-1,-1
75.1584,-1,-1
75.2001,-1,-1
75.2418,-1,-1
75.2835,-1,-1
75.3253,-1,-1
75.3670,-1,-1
75.4087,-1,-1
75.4504,-1,-1
75.4921,-1,-1
75.5338,-1,-1
75.5755,-1,-1
75.6172,-1,-1
75.6589,-1,-1
75.7006,-1,-1
75.7423,-1,-1
75.7840,-1,-1
75.8258,-1,-1
75.8675,-1,-1
75.9092,-1,-1
75.9509,-1,-1
75.9926,-1,-1
76.0343,-1,-1
76.0760,-1,-1
76.1177,-1,-1
76.1594,-1,-1
76.2011,-1,-1
76.2428,-1,-1
76.2845,-1,-1
76.3262,-1,-1
76.3680,-1,-1
76.4097,-1,-1
76.4514,-1,-1
76.4931,-1,-1
76.5348,-1,-1
76.5765,-1,-1
76.6182,-1,-1
76.6599,-1,-1
76.7016,-1,-1
76.7433,-1,-1
76.7850,-1,-1
76.8267,-1,-1
76.8685,-1,-1
76.9102,-1,-1
76.9519,-1,-1
76.9936,-1,-1
77.0353,-1,-1
77.0770,-1,-1
77.1187,-1,-1
77.1604,-1,-1
77.2021,-1,-1
77.2438,-1,-1
77.2855,-1,-1
77.3272,-1,-1
77.3690,-1,-1
77.4107,-1,-1
77.4524,-1,-1
77.4941,-1,-1
77.5358,-1,-1
77.5775,-1,-1
77.6192,-1,-1
77.6609,-1,-1
77.7026,-1,-1
77.7443,-1,-1
77.7860,-1,-1
77.8278,-1,-1
77.8695,-1,-1
77.9112,-1,-1
77.9529,-1,-1
77.9946,-1,-1
78.0363,-1,-1
78.0780,-1,-1
78.1197,-1,-1
78.1614,-1,-1
78.2031,-1,-1
78.2448,-1,-1
78.2865,-1,-1
78.3283,-1,-1
78.3700,-1,-1
78.4117,-1,-1
78.4534,-1,-1
78.4951,-1,-1
78.5368,-1,-1
78.5785,-1,-1
78.6202,-1,-1
78.6619,-1,-1
78.7036,-1,-1
78.7453,-1,-1
78.7870,-1,-1
78.8288,-1,-1
78.8705,-1,-1
78.9122,-1,-1
78.9539,-1,-1
78.9956,-1,-1
79.0373,-1,-1
79.0790,-1,-1
79.1207,-1,-1
79.1624,-1,-1
79.2041,-1,-1
79.2458,-1,-1
79.2875,-1,-1
79.3292,-1,-1
79.3710,-1,-1
79.4127,-1,-1
79.4544,-1,-1
79.4961,-1,-1
79.5378,-1,-1
79.5795,-1,-1
79.6212,-1,-1
79.6629,-1,-1
79.7046,-1,-1
79.7463,-1,-1
79.7880,-1,-1
79.8297,-1,-1
79.8715,-1,-1
79.9132,-1,-1
79.9549,-1,-1
79.9966,-1,-1
80.0383,-1,-1
80.0800,-1,-1
80.1217,-1,-1
80.1634,-1,-1
80.2051,-1,-1
80.2468,-1,-1
80.2885,-1,-1
80.3302,-1,-1
80.3720,-1,-1
80.4137,-1,-1
80.4554,-1,-1
80.4971,-1,-1
80.5388,-1,-1
80.5805,-1,-1
80.6222,-1,-1
80.6639,-1,-1
80.7056,-1,-1
80.7473,-1,-1
80.7890,-1,-1
80.8308,-1,-1
80.8725,-1,-1
80.9142,-1,-1
80.9559,-1,-1
80.9976,-1,-1
81.0393,-1,-1
81.0810,-1,-1
81.1227,-1,-1
81.1644,-1,-1
81.2061,-1,-1
81.2478,-1,-1
81.2895,-1,-1
81.3313,-1,-1
81.3730,-1,-1
81.4147,-1,-1
81.4564,-1,-1
81.4981,-1,-1
81.5398,-1,-1
81.5815,-1,-1
81.6232,-1,-1
81.6649,-1,-1
81.7066,-1,-1
81.7483,-1,-1
81.7900,-1,-1
81.8318,-1,-1
81.8735,-1,-1
81.9152,-1,-1
81.9569,-1,-1
81.9986,-1,-1
82.0403,-1,-1
82.0820,-1,-1
82.1237,-1,-1
82.1654,-1,-1
82.2071,-1,-1
82.2488,-1,-1
82.2905,-1,-1
82.3322,-1,-1
82.3740,-1,-1
82.4157,-1,-1
82.4574,-1,-1
82.4991,-1,-1
82.5408,-1,-1
82.5825,-1,-1
82.6242,-1,-1
82.6659,-1,-1
82.7076,-1,-1
82.7493,-1,-1
82.7910,-1,-1
82.8327,-1,-1
82.8745,-1,-1
82.9162,-1,-1
82.9579,-1,-1
82.9996,-1,-1
83.0413,-1,-1
83.0830,-1,-1
83.1247,-1,-1
83.1664,-1,-1
83.2081,-1,-1
83.2498,-1,-1
83.2915,-1,-1
83.3332,-1,-1
83.3750,-1,-1
83.4167,-1,-1
83.4584,-1,-1
83.5001,-1,-1
83.5418,-1,-1
83.5835,-1,-1
83.6252,-1,-1
83.6669,-1,-1
83.7086,-1,-1
83.7503,-1,-1
83.7920,-1,-1
83.8338,-1,-1
83.8755,-1,-1
83.9172,-1,-1
83.9589,-1,-1
84.0006,-1,-1
84.0423,-1,-1
84.0840,-1,-1
84.1257,-1,-1
84.1674,-1,-1
84.2091,-1,-1
84.2508,-1,-1
84.2925,-1,-1
84.3343,-1,-1
84.3760,-1,-1
84.4177,-1,-1
84.4594,-1,-1
84.5011,-1,-1
84.5428,-1,-1
84.5845,-1,-1
84.6262,-1,-1
84.6679,-1,-1
84.7096,-1,-1
84.7513,-1,-1
84.7930,-1,-1
84.8348,-1,-1
84.8765,-1,-1
84.9182,-1,-1
84.9599,-1,-1
85.0016,-1,-1
85.0433,-1,-1
85.0850,-1,-1
85.1267,-1,-1
85.1684,-1,-1
85.2101,-1,-1
85.2518,-1,-1
85.2935,-1,-1
85.3352,-1,-1
85.3770,-1,-1
85.4187,-1,-1
85.4604,-1,-1
85.5021,-1,-1
85.5438,-1,-1
85.5855,-1,-1
85.6272,-1,-1
85.6689,-1,-1
85.7106,-1,-1
85.7523,-1,-1
85.7940,-1,-1
85.8357,-1,-1
85.8775,-1,-1
85.9192,-1,-1
85.9609,-1,-1
86.0026,-1,-1
86.0443,-1,-1
86.0860,-1,-1
86.1277,-1,-1
86.1694,-1,-1
86.2111,-1,-1
86.2528,-1,-1
86.2945,-1,-1
86.3362,-1,-1
86.3780,-1,-1
86.4197,-1,-1
86.4614,-1,-1
86.5031,-1,-1
86.5448,-1,-1
86.5865,-1,-1
86.6282,-1,-1
86.6699,-1,-1
86.7116,-1,-1
86.7533,-1,-1
86.7950,-1,-1
86.8368,-1,-1
86.8785,-1,-1
86.9202,-1,-1
86.9619,-1,-1
87.0036,-1,-1
87.0453,-1,-1
87.0870,-1,-1
87.1287,-1,-1
87.1704,-1,-1
87.2121,-1,-1
87.2538,-1,-1
87.2955,-1,-1
87.3373,-1,-1
87.3790,-1,-1
87.4207,-1,-1
87.4624,-1,-1
87.5041,-1,-1
87.5458,-1,-1
87.5875,-1,-1
87.6292,-1,-1
87.6709,-1,-1
87.7126,-1,-1
87.7543,-1,-1
87.7960,-1,-1
87.8378,-1,-1
87.8795,-1,-1
87.9212,-1,-1
87.9629,-1,-1
88.0046,-1,-1
88.0463,-1,-1
88.0880,-1,-1
88.1297,-1,-1
88.1714,-1,-1
88.2131,-1,-1
88.2548,-1,-1
88.2965,-1,-1
88.3382,-1,-1
88.3800,-1,-1
88.4217,-1,-1
88.4634,-1,-1
88.5051,-1,-1
88.5468,-1,-1
88.5885,-1,-1
88.6302,-1,-1
88.6719,-1,-1
88.7136,-1,-1
88.7553,-1,-1
88.7970,-1,-1
88.8387,-1,-1
88.8805,-1,-1
88.9222,-1,-1
88.9639,-1,-1
89.0056,-1,-1
89.0473,-1,-1
89.0890,-1,-1
89.1307,-1,-1
89.1724,-1,-1
89.2141,-1,-1
89.2558,-1,-1
89.2975,-1,-1
89.3392,-1,-1
89.3810,-1,-1
89.4227,-1,-1
89.4644,-1,-1
89.5061,-1,-1
89.5478,-1,-1
89.5895,-1,-1
89.6312,-1,-1
89.6729,-1,-1
89.7146,-1,-1
89.7563,-1,-1
89.7980,-1,-1
89.8398,-1,-1
89.8815,-1,-1
89.9232,-1,-1
89.9649,-1,-1
90.0066,-1,-1
90.0483,-1,-1
90.0900,-1,-1
90.1317,-1,-1
90.1734,-1,-1
90.2151,-1,-1
90.2568,-1,-1
90.2985,-1,-1
90.3403,-1,-1
90.3820,-1,-1
90.4237,-1,-1
90.4654,-1,-1
90.5071,-1,-1
90.5488,-1,-1
90.5905,-1,-1
90.6322,-1,-1
90.6739,-1,-1
90.7156,-1,-1
90.7573,-1,-1
90.7990,-1,-1
90.8408,-1,-1
90.8825,-1,-1
90.9242,-1,-1
90.9659,-1,-1
91.0076,-1,-1
91.0493,-1,-1
91.0910,-1,-1
91.1327,-1,-1
91.1744,-1,-1
91.2161,-1,-1
91.2578,-1,-1
91.2995,-1,-1
91.3412,-1,-1
91.3830,-1,-1
91.4247,-1,-1
91.4664,-1,-1
91.5081,-1,-1
91.5498,-1,-1
91.5915,-1,-1
91.6332,-1,-1
91.6749,-1,-1
91.7166,-1,-1
91.7583,-1,-1
91.8000,-1,-1
91.8417,-1,-1
91.8835,-1,-1
91.9252,-1,-1
91.9669,-1,-1
92.0086,-1,-1
92.0503,-1,-1
92.0920,-1,-1
92.1337,-1,-1
92.1754,-1,-1
92.2171,-1,-1
92.2588,-1,-1
92.3005,-1,-1
92.3422,-1,-1
92.3840,-1,-1
92.4257,-1,-1
92.4674,-1,-1
92.5091,-1,-1
92.5508,-1,-1
92.5925,-1,-1
92.6342,-1,-1
92.6759,-1,-1
92.7176,-1,-1
92.7593,-1,-1
92.8010,-1,-1
92.8428,-1,-1
92.8845,-1,-1
92.9262,-1,-1
92.9679,-1,-1
93.0096,-1,-1
93.0513,-1,-1
93.0930,-1,-1
93.1347,-1,-1
93.1764,-1,-1
93.2181,-1,-1
93.2598,-1,-1
93.3015,-1,-1
93.3433,-1,-1
93.3850,-1,-1
93.4267,-1,-1
93.4684,-1,-1
93.5101,-1,-1
93.5518,-1,-1
93.5935,-1,-1
93.6352,-1,-1
93.6769,-1,-1
93.7186,-1,-1
93.7603,-1,-1
93.8020,-1,-1
93.8438,-1,-1
93.8855,-1,-1
93.9272,-1,-1
93.9689,-1,-1
94.0106,-1,-1
94.0523,-1,-1
94.0940,-1,-1
94.1357,-1,-1
94.1774,-1,-1
94.2191,-1,-1
94.2608,-1,-1
94.3025,-1,-1
94.3442,-1,-1
94.3860,-1,-1
94.4277,-1,-1
94.4694,-1,-1
94.5111,-1,-1
94.5528,-1,-1
94.5945,-1,-1
94.6362,-1,-1
94.6779,-1,-1
94.7196,-1,-1
94.7613,-1,-1
94.8030,-1,-1
94.8447,-1,-1
94.8865,-1,-1
94.9282,-1,-1
94.9699,-1,-1
95.0116,-1,-1
95.0533,-1,-1
95.0950,-1,-1
95.1367,-1,-1
95.1784,-1,-1
95.2201,-1,-1
95.2618,-1,-1
95.3035,-1,-1
95.3453,-1,-1
95.3870,-1,-1
95.4287,-1,-1
95.4704,-1,-1
95.5121,-1,-1
95.5538,-1,-1
95.5955,-1,-1
95.6372,-1,-1
95.6789,-1,-1
95.7206,-1,-1
95.7623,-1,-1
95.8040,-1,-1
95.8458,-1,-1
95.8875,-1,-1
95.9292,-1,-1
95.9709,-1,-1
96.0126,-1,-1
96.0543,-1,-1
96.0960,-1,-1
96.1377,-1,-1
96.1794,-1,-1
96.2211,-1,-1
96.2628,-1,-1
96.3045,-1,-1
96.3463,-1,-1
96.3880,-1,-1
96.4297,-1,-1
96.4714,-1,-1
96.5131,-1,-1
96.5548,-1,-1
96.5965,-1,-1
96.6382,-1,-1
96.6799,-1,-1
96.7216,-1,-1
96.7633,-1,-1
96.8050,-1,-1
96.8468,-1,-1
96.8885,-1,-1
96.9302,-1,-1
96.9719,-1,-1
97.0136,-1,-1
97.0553,-1,-1
97.0970,-1,-1
97.1387,-1,-1
97.1804,-1,-1
97.2221,-1,-1
97.2638,-1,-1
97.3055,-1,-1
97.3472,-1,-1
97.3890,-1,-1
97.4307,-1,-1
97.4724,-1,-1
97.5141,-1,-1
97.5558,-1,-1
97.5975,-1,-1
97.6392,-1,-1
97.6809,-1,-1
97.7226,-1,-1
97.7643,-1,-1
97.8060,-1,-1
97.8477,-1,-1
97.8895,-1,-1
97.9312,-1,-1
97.9729,-1,-1
98.0146,-1,-1
98.0563,-1,-1
98.0980,-1,-1
98.1397,-1,-1
98.1814,-1,-1
98.2231,-1,-1
98.2648,-1,-1
98.3065,-1,-1
98.3483,-1,-1
98.3900,-1,-1
98.4317,-1,-1
98.4734,-1,-1
98.5151,-1,-1
98.5568,-1,-1
98.5985,-1,-1
98.6402,-1,-1
98.6819,-1,-1
98.7236,-1,-1
98.7653,-1,-1
98.8070,-1,-1
98.8488,-1,-1
98.8905,-1,-1
98.9322,-1,-1
98.9739,-1,-1
99.0156,-1,-1
99.0573,-1,-1
99.0990,-1,-1
99.1407,-1,-1
99.1824,-1,-1
99.2241,-1,-1
99.2658,-1,-1
99.3075,-1,-1
99.3493,-1,-1
99.3910,-1,-1
99.4327,-1,-1
99.4744,-1,-1
99.5161,-1,-1
99.5578,-1,-1
99.5995,-1,-1
99.6412,-1,-1
99.6829,-1,-1
99.7246,-1,-1
99.7663,-1,-1
99.8080,-1,-1
99.8497,-1,-1
99.8915,-1,-1
99.9332,-1,-1
99.9749,-1,-1
100.0166,-1,-1
100.0583,-1,-1
100.1000,-1,-1
100.1417,-1,-1
100.1834,-1,-1
100.2251,-1,-1
100.2668,-1,-1
100.3085,-1,-1
100.3502,-1,-1
100.3920,-1,-1
100.4337,-1,-1
100.4754,-1,-1
100.5171,-1,-1
100.5588,-1,-1
100.6005,-1,-1
100.6422,-1,-1
100.6839,-1,-1
100.7256,-1,-1
100.7673,-1,-1
100.8090,-1,-1
100.8507,-1,-1
100.8925,-1,-1
100.9342,-1,-1
100.9759,-1,-1
101.0176,-1,-1
101.0593,-1,-1
101.1010,-1,-1
101.1427,-1,-1
101.1844,-1,-1
101.2261,-1,-1
101.2678,-1,-1
101.3095,-1,-1
101.3513,-1,-1
101.3930,-1,-1
101.4347,-1,-1
101.4764,-1,-1
101.5181,-1,-1
101.5598,-1,-1
101.6015,-1,-1
101.6432,-1,-1
101.6849,-1,-1
101.7266,-1,-1
101.7683,-1,-1
101.8100,-1,-1
101.8518,-1,-1
101.8935,-1,-1
101.9352,-1,-1
101.9769,-1,-1
102.0186,-1,-1
102.0603,-1,-1
102.1020,-1,-1
102.1437,-1,-1
102.1854,-1,-1
102.2271,-1,-1
102.2688,-1,-1
102.3105,-1,-1
102.3523,-1,-1
102.3940,-1,-1
102.4357,-1,-1
102.4774,-1,-1
102.5191,-1,-1
102.5608,-1,-1
102.6025,-1,-1
102.6442,-1,-1
102.6859,-1,-1
102.7276,-1,-1
102.7693,-1,-1
102.8110,-1,-1
102.8527,-1,-1
102.8945,-1,-1
102.9362,-1,-1
102.9779,-1,-1
103.0196,-1,-1
103.0613,-1,-1
103.1030,-1,-1
103.1447,-1,-1
103.1864,-1,-1
103.2281,-1,-1
103.2698,-1,-1
103.3115,-1,-1
103.3532,-1,-1
103.3950,-1,-1
103.4367,-1,-1
103.4784,-1,-1
103.5201,-1,-1
103.5618,-1,-1
103.6035,-1,-1
103.6452,-1,-1
103.6869,-1,-1
103.7286,-1,-1
103.7703,-1,-1
103.8120,-1,-1
103.8537,-1,-1
103.8955,-1,-1
103.9372,-1,-1
103.9789,-1,-1
104.0206,-1,-1
104.0623,-1,-1
104.1040,-1,-1
104.1457,-1,-1
104.1874,-1,-1
104.2291,-1,-1
104.2708,-1,-1
104.3125,-1,-1
104.3543,-1,-1
104.3960,-1,-1
104.4377,-1,-1
104.4794,-1,-1
104.5211,-1,-1
104.5628,-1,-1
104.6045,-1,-1
104.6462,-1,-1
104.6879,-1,-1
104.7296,-1,-1
104.7713,-1,-1
104.8130,-1,-1
104.8548,-1,-1
104.8965,-1,-1
104.9382,-1,-1
104.9799,-1,-1
105.0216,-1,-1
105.0633,-1,-1
105.1050,-1,-1
105.1467,-1,-1
105.1884,-1,-1
105.2301,-1,-1
105.2718,-1,-1
105.3135,-1,-1
105.3553,-1,-1
105.3970,-1,-1
105.4387,-1,-1
105.4804,-1,-1
105.5221,-1,-1
105.5638,-1,-1
105.6055,-1,-1
105.6472,-1,-1
105.6889,-1,-1
105.7306,-1,-1
105.7723,-1,-1
105.8140,-1,-1
105.8557,-1,-1
105.8975,-1,-1
105.9392,-1,-1
105.9809,-1,-1
106.0226,-1,-1
106.0643,-1,-1
106.1060,-1,-1
106.1477,-1,-1
106.1894,-1,-1
106.2311,-1,-1
106.2728,-1,-1
106.3145,-1,-1
106.3562,-1,-1
106.3980,-1,-1
106.4397,-1,-1
106.4814,-1,-1
106.5231,-1,-1
106.5648,-1,-1
106.6065,-1,-1
106.6482,-1,-1
106.6899,-1,-1
106.7316,-1,-1
106.7733,-1,-1
106.8150,-1,-1
106.8567,-1,-1
106.8985,-1,-1
106.9402,-1,-1
106.9819,-1,-1
107.0236,-1,-1
107.0653,-1,-1
107.1070,-1,-1
107.1487,-1,-1
107.1904,-1,-1
107.2321,-1,-1
107.2738,-1,-1
107.3155,-1,-1
107.3573,-1,-1
107.3990,-1,-1
107.4407,-1,-1
107.4824,-1,-1
107.5241,-1,-1
107.5658,-1,-1
107.6075,-1,-1
107.6492,-1,-1
107.6909,-1,-1
107.7326,-1,-1
107.7743,-1,-1
107.8160,-1,-1
107.8578,-1,-1
107.8995,-1,-1
107.9412,-1,-1
107.9829,-1,-1
108.0246,-1,-1
108.0663,-1,-1
108.1080,-1,-1
108.1497,-1,-1
108.1914,-1,-1
108.2331,-1,-1
108.2748,-1,-1
108.3165,-1,-1
108.3583,-1,-1
108.4000,-1,-1
108.4417,-1,-1
108.4834,-1,-1
108.5251,-1,-1
108.5668,-1,-1
108.6085,-1,-1
108.6502,-1,-1
108.6919,-1,-1
108.7336,-1,-1
108.7753,-1,-1
108.8170,-1,-1
108.8587,-1,-1
108.9005,-1,-1
108.9422,-1,-1
108.9839,-1,-1
109.0256,-1,-1
109.0673,-1,-1
109.1090,-1,-1
109.1507,-1,-1
109.1924,-1,-1
109.2341,-1,-1
109.2758,-1,-1
109.3175,-1,-1
109.3592,-1,-1
109.4010,-1,-1
109.4427,-1,-1
109.4844,-1,-1
109.5261,-1,-1
109.5678,-1,-1
109.6095,-1,-1
109.6512,-1,-1
109.6929,-1,-1
109.7346,-1,-1
109.7763,-1,-1
109.8180,-1,-1
109.8597,-1,-1
109.9015,-1,-1
109.9432,-1,-1
109.9849,-1,-1
110.0266,-1,-1
110.0683,-1,-1
110.1100,-1,-1
110.1517,-1,-1
110.1934,-1,-1
110.2351,-1,-1
110.2768,-1,-1
110.3185,-1,-1
110.3603,-1,-1
110.4020,-1,-1
110.4437,-1,-1
110.4854,-1,-1
110.5271,-1,-1
110.5688,-1,-1
110.6105,-1,-1
110.6522,-1,-1
110.6939,-1,-1
110.7356,-1,-1
110.7773,-1,-1
110.8190,-1,-1
110.8608,-1,-1
110.9025,-1,-1
110.9442,-1,-1
110.9859,-1,-1
111.0276,-1,-1
111.0693,-1,-1
111.1110,-1,-1
111.1527,-1,-1
111.1944,-1,-1
111.2361,-1,-1
111.2778,-1,-1
111.3195,-1,-1
111.3613,-1,-1
111.4030,-1,-1
111.4447,-1,-1
111.4864,-1,-1
111.5281,-1,-1
111.5698,-1,-1
111.6115,-1,-1
111.6532,-1,-1
111.6949,-1,-1
111.7366,-1,-1
111.7783,-1,-1
111.8200,-1,-1
111.8617,-1,-1
111.9035,-1,-1
111.9452,-1,-1
111.9869,-1,-1
112.0286,-1,-1
112.0703,-1,-1
112.1120,-1,-1
112.1537,-1,-1
112.1954,-1,-1
112.2371,-1,-1
112.2788,-1,-1
112.3205,-1,-1
112.3622,-1,-1
112.4040,-1,-1
112.4457,-1,-1
112.4874,-1,-1
112.5291,-1,-1
112.5708,-1,-1
112.6125,-1,-1
112.6542,-1,-1
112.6959,-1,-1
112.7376,-1,-1
112.7793,-1,-1
112.8210,-1,-1
112.8627,-1,-1
112.9045,-1,-1
112.9462,-1,-1
112.9879,-1,-1
113.0296,-1,-1
113.0713,-1,-1
113.1130,-1,-1
113.1547,-1,-1
113.1964,-1,-1
113.2381,-1,-1
113.2798,-1,-1
113.3215,-1,-1
113.3633,-1,-1
113.4050,-1,-1
113.4467,-1,-1
113.4884,-1,-1
113.5301,-1,-1
113.5718,-1,-1
113.6135,-1,-1
113.6552,-1,-1
113.6969,-1,-1
113.7386,-1,-1
113.7803,-1,-1
113.8220,-1,-1
113.8638,-1,-1
113.9055,-1,-1
113.9472,-1,-1
113.9889,-1,-1
114.0306,-1,-1
114.0723,-1,-1
114.1140,-1,-1
114.1557,-1,-1
114.1974,-1,-1
114.2391,-1,-1
114.2808,-1,-1
114.3225,-1,-1
114.3643,-1,-1
114.4060,-1,-1
114.4477,-1,-1
114.4894,-1,-1
114.5311,-1,-1
114.5728,-1,-1
114.6145,-1,-1
114.6562,-1,-1
114.6979,-1,-1
114.7396,-1,-1
114.7813,-1,-1
114.8230,-1,-1
114.8647,-1,-1
114.9065,-1,-1
114.9482,-1,-1
114.9899,-1,-1
115.0316,-1,-1
115.0733,-1,-1
115.1150,-1,-1
115.1567,-1,-1
115.1984,-1,-1
115.2401,-1,-1
115.2818,-1,-1
115.3235,-1,-1
115.3652,-1,-1
115.4070,-1,-1
115.4487,-1,-1
115.4904,-1,-1
115.5321,-1,-1
115.5738,-1,-1
115.6155,-1,-1
115.6572,-1,-1
115.6989,-1,-1
115.7406,-1,-1
115.7823,-1,-1
115.8240,-1,-1
115.8657,-1,-1
115.9075,-1,-1
115.9492,-1,-1
115.9909,-1,-1
116.0326,-1,-1
116.0743,-1,-1
116.1160,-1,-1
116.1577,-1,-1
116.1994,-1,-1
116.2411,-1,-1
116.2828,-1,-1
116.3245,-1,-1
116.3663,-1,-1
116.4080,-1,-1
116.4497,-1,-1
116.4914,-1,-1
116.5331,-1,-1
116.5748,-1,-1
116.6165,-1,-1
116.6582,-1,-1
116.6999,-1,-1
116.7416,-1,-1
116.7833,-1,-1
116.8250,-1,-1
116.8668,-1,-1
116.9085,-1,-1
116.9502,-1,-1
116.9919,-1,-1
117.0336,-1,-1
117.0753,-1,-1
117.1170,-1,-1
117.1587,-1,-1
117.2004,-1,-1
117.2421,-1,-1
117.2838,-1,-1
117.3255,-1,-1
117.3673,-1,-1
117.4090,-1,-1
117.4507,-1,-1
117.4924,-1,-1
117.5341,-1,-1
117.5758,-1,-1
117.6175,-1,-1
117.6592,-1,-1
117.7009,-1,-1
117.7426,-1,-1
117.7843,-1,-1
117.8260,-1,-1
117.8677,-1,-1
117.9095,-1,-1
117.9512,-1,-1
117.9929,-1,-1
118.0346,-1,-1
118.0763,-1,-1
118.1180,-1,-1
118.1597,-1,-1
118.2014,-1,-1
118.2431,-1,-1
118.2848,-1,-1
118.3265,-1,-1
118.3682,-1,-1
118.4100,-1,-1
118.4517,-1,-1
118.4934,-1,-1
118.5351,-1,-1
118.5768,-1,-1
118.6185,-1,-1
118.6602,-1,-1
118.7019,-1,-1
118.7436,-1,-1
118.7853,-1,-1
118.8270,-1,-1
118.8687,-1,-1
118.9105,-1,-1
118.9522,-1,-1
118.9939,-1,-1
119.0356,-1,-1
119.0773,-1,-1
119.1190,-1,-1
119.1607,-1,-1
119.2024,-1,-1
119.2441,-1,-1
119.2858,-1,-1
119.3275,-1,-1
119.3693,-1,-1
119.4110,-1,-1
119.4527,-1,-1
119.4944,-1,-1
119.5361,-1,-1
119.5778,-1,-1
119.6195,-1,-1
119.6612,-1,-1
119.7029,-1,-1
119.7446,-1,-1
119.7863,-1,-1
119.8280,-1,-1
119.8698,-1,-1
119.9115,-1,-1
119.9532,-1,-1
119.9949,-1,-1
120.0366,-1,-1
120.0783,-1,-1
120.1200,-1,-1
120.1617,-1,-1
120.2034,-1,-1
120.2451,-1,-1
120.2868,-1,-1
120.3285,-1,-1
120.3702,-1,-1
120.4120,-1,-1
120.4537,-1,-1
120.4954,-1,-1
120.5371,-1,-1
120.5788,-1,-1
120.6205,-1,-1
120.6622,-1,-1
120.7039,-1,-1
120.7456,-1,-1
120.7873,-1,-1
120.8290,-1,-1
120.8707,-1,-1
120.9125,-1,-1
120.9542,-1,-1
120.9959,-1,-1
121.0376,-1,-1
121.0793,-1,-1
121.1210,-1,-1
121.1627,-1,-1
121.2044,-1,-1
121.2461,-1,-1
121.2878,-1,-1
121.3295,-1,-1
121.3712,-1,-1
121.4130,-1,-1
121.4547,-1,-1
121.4964,-1,-1
121.5381,-1,-1
121.5798,-1,-1
121.6215,-1,-1
121.6632,-1,-1
121.7049,-1,-1
121.7466,-1,-1
121.7883,-1,-1
121.8300,-1,-1
121.8717,-1,-1
121.9135,-1,-1
121.9552,-1,-1
121.9969,-1,-1
122.0386,-1,-1
122.0803,-1,-1
122.1220,-1,-1
122.1637,-1,-1
122.2054,-1,-1
122.2471,-1,-1
122.2888,-1,-1
122.3305,-1,-1
122.3723,-1,-1
122.4140,-1,-1
122.4557,-1,-1
122.4974,-1,-1
122.5391,-1,-1
122.5808,-1,-1
122.6225,-1,-1
122.6642,-1,-1
122.7059,-1,-1
122.7476,-1,-1
122.7893,-1,-1
122.8310,-1,-1
122.8728,-1,-1
122.9145,-1,-1
122.9562,-1,-1
122.9979,-1,-1
123.0396,-1,-1
123.0813,-1,-1
123.1230,-1,-1
123.1647,-1,-1
123.2064,-1,-1
123.2481,-1,-1
123.2898,-1,-1
123.3315,-1,-1
123.3732,-1,-1
123.4150,-1,-1
123.4567,-1,-1
123.4984,-1,-1
123.5401,-1,-1
123.5818,-1,-1
123.6235,-1,-1
123.6652,-1,-1
123.7069,-1,-1
123.7486,-1,-1
123.7903,-1,-1
123.8320,-1,-1
123.8737,-1,-1
123.9155,-1,-1
123.9572,-1,-1
123.9989,-1,-1
124.0406,-1,-1
124.0823,-1,-1
124.1240,-1,-1
124.1657,-1,-1
124.2074,-1,-1
124.2491,-1,-1
124.2908,-1,-1
124.3325,-1,-1
124.3742,-1,-1
124.4160,-1,-1
124.4577,-1,-1
124.4994,-1,-1
124.5411,-1,-1
124.5828,-1,-1
124.6245,-1,-1
124.6662,-1,-1
124.7079,-1,-1
124.7496,-1,-1
124.7913,-1,-1
124.8330,-1,-1
124.8747,-1,-1
124.9165,-1,-1
124.9582,-1,-1
124.9999,-1,-1
125.0416,-1,-1
125.0833,-1,-1
125.1250,-1,-1
125.1667,-1,-1
125.2084,-1,-1
125.2501,-1,-1
125.2918,-1,-1
125.3335,-1,-1
125.3753,-1,-1
125.4170,-1,-1
125.4587,-1,-1
125.5004,-1,-1
125.5421,-1,-1
125.5838,-1,-1
125.6255,-1,-1
125.6672,-1,-1
125.7089,-1,-1
125.7506,-1,-1
125.7923,-1,-1
125.8340,-1,-1
125.8758,-1,-1
125.9175,-1,-1
125.9592,-1,-1
126.0009,-1,-1
126.0426,-1,-1
126.0843,-1,-1
126.1260,-1,-1
126.1677,-1,-1
126.2094,-1,-1
126.2511,-1,-1
126.2928,-1,-1
126.3345,-1,-1
126.3762,-1,-1
126.4180,-1,-1
126.4597,-1,-1
126.5014,-1,-1
126.5431,-1,-1
126.5848,-1,-1
126.6265,-1,-1
126.6682,-1,-1
126.7099,-1,-1
126.7516,-1,-1
126.7933,-1,-1
126.8350,-1,-1
126.8767,-1,-1
126.9185,-1,-1
126.9602,-1,-1
127.0019,-1,-1
127.0436,-1,-1
127.0853,-1,-1
127.1270,-1,-1
127.1687,-1,-1
127.2104,-1,-1
127.2521,-1,-1
127.2938,-1,-1
127.3355,-1,-1
127.3772,-1,-1
127.4190,-1,-1
127.4607,-1,-1
127.5024,-1,-1
127.5441,-1,-1
127.5858,-1,-1
127.6275,-1,-1
127.6692,-1,-1
127.7109,-1,-1
127.7526,-1,-1
127.7943,-1,-1
127.8360,-1,-1
127.8777,-1,-1
127.9195,-1,-1
127.9612,-1,-1
128.0029,-1,-1
128.0446,-1,-1
128.0863,-1,-1
128.1280,-1,-1
128.1697,-1,-1
128.2114,-1,-1
128.2531,-1,-1
128.2948,-1,-1
128.3365,-1,-1
128.3782,-1,-1
128.4200,-1,-1
128.4617,-1,-1
128.5034,-1,-1
128.5451,-1,-1
128.5868,-1,-1
128.6285,-1,-1
128.6702,-1,-1
128.7119,-1,-1
128.7536,-1,-1
128.7953,-1,-1
128.8370,-1,-1
128.8788,-1,-1
128.9205,-1,-1
128.9622,-1,-1
129.0039,-1,-1
129.0456,-1,-1
129.0873,-1,-1
129.1290,-1,-1
129.1707,-1,-1
129.2124,-1,-1
129.2541,-1,-1
129.2958,-1,-1
129.3375,-1,-1
129.3792,-1,-1
129.4210,-1,-1
129.4627,-1,-1
129.5044,-1,-1
129.5461,-1,-1
129.5878,-1,-1
129.6295,-1,-1
129.6712,-1,-1
129.7129,-1,-1
129.7546,-1,-1
129.7963,-1,-1
129.8380,-1,-1
129.8798,-1,-1
129.9215,-1,-1
129.9632,-1,-1
130.0049,-1,-1
130.0466,-1,-1
130.0883,-1,-1
130.1300,-1,-1
130.1717,-1,-1
130.2134,-1,-1
130.2551,-1,-1
130.2968,-1,-1
130.3385,-1,-1
130.3803,-1,-1
130.4220,-1,-1
130.4637,-1,-1
130.5054,-1,-1
130.5471,-1,-1
130.5888,-1,-1
130.6305,-1,-1
130.6722,-1,-1
130.7139,-1,-1
130.7556,-1,-1
130.7973,-1,-1
130.8390,-1,-1
130.8807,-1,-1
130.9225,-1,-1
130.9642,-1,-1
131.0059,-1,-1
131.0476,-1,-1
131.0893,-1,-1
131.1310,-1,-1
131.1727,-1,-1
131.2144,-1,-1
131.2561,-1,-1
131.2978,-1,-1
131.3395,-1,-1
131.3813,-1,-1
131.4230,-1,-1
131.4647,-1,-1
131.5064,-1,-1
131.5481,-1,-1
131.5898,-1,-1
131.6315,-1,-1
131.6732,-1,-1
131.7149,-1,-1
131.7566,-1,-1
131.7983,-1,-1
131.8400,-1,-1
131.8817,-1,-1
131.9235,-1,-1
131.9652,-1,-1
132.0069,-1,-1
132.0486,-1,-1
132.0903,-1,-1
132.1320,-1,-1
132.1737,-1,-1
132.2154,-1,-1
132.2571,-1,-1
132.2988,-1,-1
132.3405,-1,-1
132.3823,-1,-1
132.4240,-1,-1
132.4657,-1,-1
132.5074,-1,-1
132.5491,-1,-1
132.5908,-1,-1
132.6325,-1,-1
132.6742,-1,-1
132.7159,-1,-1
132.7576,-1,-1
132.7993,-1,-1
132.8410,-1,-1
132.8828,-1,-1
132.9245,-1,-1
132.9662,-1,-1
133.0079,-1,-1
133.0496,-1,-1
133.0913,-1,-1
133.1330,-1,-1
133.1747,-1,-1
133.2164,-1,-1
133.2581,-1,-1
133.2998,-1,-1
133.3415,-1,-1
133.3833,-1,-1
133.4250,-1,-1
133.4667,-1,-1
133.5084,-1,-1
133.5501,-1,-1
133.5918,-1,-1
133.6335,-1,-1
133.6752,-1,-1
133.7169,-1,-1
133.7586,-1,-1
133.8003,-1,-1
133.8420,-1,-1
133.8838,-1,-1
133.9255,-1,-1
133.9672,-1,-1
134.0089,-1,-1
134.0506,-1,-1
134.0923,-1,-1
134.1340,-1,-1
134.1757,-1,-1
134.2174,-1,-1
134.2591,-1,-1
134.3008,-1,-1
134.3425,-1,-1
134.3842,-1,-1
134.4260,-1,-1
134.4677,-1,-1
134.5094,-1,-1
134.5511,-1,-1
134.5928,-1,-1
134.6345,-1,-1
134.6762,-1,-1
134.7179,-1,-1
134.7596,-1,-1
134.8013,-1,-1
134.8430,-1,-1
134.8848,-1,-1
134.9265,-1,-1
134.9682,-1,-1